{
    "content" : [
        {
            "id" : 0,
            "type" : 0,
            "name" : "Black Panther: Wakanda Forever",
            "reviews" : 4,
            "stars" : 18,
            "rating" : 3,
            "viewers" : ["user1", "user2"]
        }
    ],
    "users" : [
        {
            "uname" : "user1",
            "limit" : 3,
            "viewed" : [0]
        },
        {
            "uname" : "user2",
            "limit" : 4,
            "viewed" : [0]
        }
    ]
}
